id,file,bytes,title,unit_code,culture,place,object_type,date,license,record_link
ld1-1643399887910-1643399906208-1,si_ld1-1643399887910-1643399906208-1.jpg,1903550,Fragment of Paracas mantle,CHNDM,,Peru,Fragment of Paracas mantle | Embroidery (visual works),,CC0,https://collection.cooperhewitt.org/view/objects/asitem/id/57042
ld1-1643399887910-1643399924487-1,si_ld1-1643399887910-1643399924487-1.jpg,2770926,Fragment,CHNDM,,Peru,Textiles,,CC0,https://collection.cooperhewitt.org/view/objects/asitem/id/109679
ld1-1643399887910-1643399941697-0,si_ld1-1643399887910-1643399941697-0.jpg,1861129,Textile,CHNDM,,Chancay | Peru,Textiles,1500s | 1200s,CC0,https://collection.cooperhewitt.org/view/objects/asitem/id/145248
ld1-1643399887910-1643399916293-1,si_ld1-1643399887910-1643399916293-1.jpg,3682843,Tunic fragment,CHNDM,,Peru,Tunic fragment | Textiles,,CC0,https://collection.cooperhewitt.org/view/objects/asitem/id/79803
ld1-1643399887910-1643399919871-0,si_ld1-1643399887910-1643399919871-0.jpg,1436225,Band,CHNDM,,Nazca | Peru,Costume accessories | Costume,,CC0,https://collection.cooperhewitt.org/view/objects/asitem/id/99777
ld1-1643399887910-1643399918971-0,si_ld1-1643399887910-1643399918971-0.jpg,1613201,Fragment,CHNDM,,Nazca | Peru,Textiles,,CC0,https://collection.cooperhewitt.org/view/objects/asitem/id/97514
ld1-1643399887910-1643399918314-1,si_ld1-1643399887910-1643399918314-1.jpg,3919627,Fragment,CHNDM,,Peru,Textiles,1400s | 1000s,CC0,https://collection.cooperhewitt.org/view/objects/asitem/id/95814
ld1-1643408614113-1643408630502-0,si_ld1-1643408614113-1643408630502-0.jpg,737908,Plumbago coerulea Auct.,NMNHBOTANY,,South America - Neotropics | Peru | La Libertad,,1950s,CC0,http://n2t.net/ark:/65665/39d69e289-5a4e-4ee7-9368-1d8dce155388
ld1-1643399887910-1643399937893-0,si_ld1-1643399887910-1643399937893-0.jpg,369686,Band,CHNDM,,Peru,Textiles,1000s,CC0,https://collection.cooperhewitt.org/view/objects/asitem/id/136808
ld1-1643399887910-1643399935577-0,si_ld1-1643399887910-1643399935577-0.jpg,832930,Panel,CHNDM,,Peru,Textiles,1200s,CC0,https://collection.cooperhewitt.org/view/objects/asitem/id/132570
ld1-1643399887910-1643399927133-0,si_ld1-1643399887910-1643399927133-0.jpg,3446898,Mantle fragment,CHNDM,,Bolivia | Peru,Mantle fragment | Textiles,,CC0,https://collection.cooperhewitt.org/view/objects/asitem/id/114477
ld1-1643399887910-1643399943359-0,si_ld1-1643399887910-1643399943359-0.jpg,4277738,Panels,CHNDM,,New York | USA,Panels | Textiles,1920s | 1910s,CC0,https://collection.cooperhewitt.org/view/objects/asitem/id/149309
ld1-1643399887910-1643399942096-1,si_ld1-1643399887910-1643399942096-1.jpg,5117016,Textile,CHNDM,,Peru,Textiles,1200s | 1300s,CC0,https://collection.cooperhewitt.org/view/objects/asitem/id/146507
ld1-1643399887910-1643399919758-0,si_ld1-1643399887910-1643399919758-0.jpg,888908,Textile,CHNDM,,Peru,Textiles,1100s | 1400s,CC0,https://collection.cooperhewitt.org/view/objects/asitem/id/99474
ld1-1643399887910-1643399906227-0,si_ld1-1643399887910-1643399906227-0.jpg,2624302,Textile fragment,CHNDM,,Peru,Textile fragment | Textiles,,CC0,https://collection.cooperhewitt.org/view/objects/asitem/id/57092
ld1-1643399887910-1643399982955-1,si_ld1-1643399887910-1643399982955-1.jpg,1392015,Textile,CHNDM,,Peru,Textiles,,CC0,https://collection.cooperhewitt.org/view/objects/asitem/id/275653
ld1-1643399887910-1643399941696-1,si_ld1-1643399887910-1643399941696-1.jpg,3701411,Textile,CHNDM,,Peru,Textiles,1500s | 1200s,CC0,https://collection.cooperhewitt.org/view/objects/asitem/id/145247
ld1-1643399887910-1643399919860-2,si_ld1-1643399887910-1643399919860-2.jpg,1624677,Textile,CHNDM,,Peru,Textiles,1400s | 1000s,CC0,https://collection.cooperhewitt.org/view/objects/asitem/id/99750
ld1-1643399887910-1643399930090-0,si_ld1-1643399887910-1643399930090-0.jpg,443526,Textile,CHNDM,,Peru,Textiles,1300s | 1000s,CC0,https://collection.cooperhewitt.org/view/objects/asitem/id/122556
ld1-1643399887910-1643399905032-0,si_ld1-1643399887910-1643399905032-0.jpg,4037869,Textile,CHNDM,,Peru,Textiles,1600s | 1690s,CC0,https://collection.cooperhewitt.org/view/objects/asitem/id/53452
ld1-1643399887910-1643399919873-1,si_ld1-1643399887910-1643399919873-1.jpg,1284027,Textile,CHNDM,,Peru,Textiles,1600s | 1400s,CC0,https://collection.cooperhewitt.org/view/objects/asitem/id/99782
ld1-1643399887910-1643399941933-1,si_ld1-1643399887910-1643399941933-1.jpg,1564023,Textile,CHNDM,,Peru,Textiles,1500s | 1100s,CC0,https://collection.cooperhewitt.org/view/objects/asitem/id/146130
ld1-1643399887910-1643399941680-1,si_ld1-1643399887910-1643399941680-1.jpg,2926219,Textile,CHNDM,,Peru,Textiles,1500s | 1200s,CC0,https://collection.cooperhewitt.org/view/objects/asitem/id/145213
ld1-1643399887910-1643399942021-2,si_ld1-1643399887910-1643399942021-2.jpg,60233,Textile,CHNDM,,Peru,Textiles,1200s | 1300s,CC0,https://collection.cooperhewitt.org/view/objects/asitem/id/146366
ld1-1643399887910-1643399905031-2,si_ld1-1643399887910-1643399905031-2.jpg,1517265,Textile,CHNDM,,Peru,Textiles,1890s | 1870s,CC0,https://collection.cooperhewitt.org/view/objects/asitem/id/53451
ld1-1643399887910-1643399918635-1,si_ld1-1643399887910-1643399918635-1.jpg,2021529,Netted textile,CHNDM,,Peru,Needlework (visual works) | Netted textile | Textiles,,CC0,https://collection.cooperhewitt.org/view/objects/asitem/id/96680
ld1-1643399887910-1643399941695-0,si_ld1-1643399887910-1643399941695-0.jpg,2315966,Textile,CHNDM,,Peru,Textiles,1500s | 1200s,CC0,https://collection.cooperhewitt.org/view/objects/asitem/id/145244
ld1-1643399887910-1643399942766-1,si_ld1-1643399887910-1643399942766-1.jpg,2719600,Textile,CHNDM,,Peru,Textiles,,CC0,https://collection.cooperhewitt.org/view/objects/asitem/id/148287
ld1-1643399887910-1643399955044-1,si_ld1-1643399887910-1643399955044-1.jpg,625880,Textile,CHNDM,,Peru,Textiles,1400s | 1000s,CC0,https://collection.cooperhewitt.org/view/objects/asitem/id/177076
ld1-1643399887910-1643399915812-1,si_ld1-1643399887910-1643399915812-1.jpg,5364785,Fragment,CHNDM,,Peru,Textiles,1100s,CC0,https://collection.cooperhewitt.org/view/objects/asitem/id/78408
ld1-1643399887910-1643399890720-1,si_ld1-1643399887910-1643399890720-1.jpg,1661193,Textile,CHNDM,,Peru,Textiles,1700s | 1790s,CC0,https://collection.cooperhewitt.org/view/objects/asitem/id/12009
ld1-1643399887910-1643399918707-2,si_ld1-1643399887910-1643399918707-2.jpg,3300852,Textile,CHNDM,,Peru,Textiles,1400s | 1000s,CC0,https://collection.cooperhewitt.org/view/objects/asitem/id/96824
ld1-1643399887910-1643399924630-2,si_ld1-1643399887910-1643399924630-2.jpg,1643460,Textile,CHNDM,,Peru,Textiles,1400s | 1000s,CC0,https://collection.cooperhewitt.org/view/objects/asitem/id/110091
ld1-1643399887910-1643399983058-1,si_ld1-1643399887910-1643399983058-1.jpg,837795,Fragment,CHNDM,,Peru,Textiles,1100s,CC0,https://collection.cooperhewitt.org/view/objects/asitem/id/276204
ld1-1643399887910-1643399971941-0,si_ld1-1643399887910-1643399971941-0.jpg,2452906,Fragment,CHNDM,,Peru,Textiles,,CC0,https://collection.cooperhewitt.org/view/objects/asitem/id/213476
ld1-1643399887910-1643399955044-0,si_ld1-1643399887910-1643399955044-0.jpg,2650514,Sampler,CHNDM,,Peru,Samplers (embroidery) | Textiles,1400s | 1000s,CC0,https://collection.cooperhewitt.org/view/objects/asitem/id/177075
ld1-1643399887910-1643399918970-1,si_ld1-1643399887910-1643399918970-1.jpg,312670,Band,CHNDM,,Peru,Textiles,1100s | 1400s,CC0,https://collection.cooperhewitt.org/view/objects/asitem/id/97512
ld1-1643399887910-1643399918704-0,si_ld1-1643399887910-1643399918704-0.jpg,1392015,Fragment,CHNDM,,Peru,Textiles,1100s,CC0,https://collection.cooperhewitt.org/view/objects/asitem/id/96816
ld1-1643399887910-1643399937894-0,si_ld1-1643399887910-1643399937894-0.jpg,1529977,Band,CHNDM,,Peru,Textiles,,CC0,https://collection.cooperhewitt.org/view/objects/asitem/id/136809
ld1-1643399887910-1643399890820-0,si_ld1-1643399887910-1643399890820-0.jpg,106409,Fragment of a border,CHNDM,,Peru,Fragment of a border | Textiles,1100s | 1400s,CC0,https://collection.cooperhewitt.org/view/objects/asitem/id/12237
ld1-1643399887910-1643399918970-0,si_ld1-1643399887910-1643399918970-0.jpg,5579388,Fragment,CHNDM,,Peru,Textiles,1530s | 1400s,CC0,https://collection.cooperhewitt.org/view/objects/asitem/id/97511
ld1-1643399887910-1643399936244-0,si_ld1-1643399887910-1643399936244-0.jpg,5415177,Fragment,CHNDM,,Peru,Textiles,1100s | 1400s,CC0,https://collection.cooperhewitt.org/view/objects/asitem/id/133847
ld1-1643399887910-1643399929184-1,si_ld1-1643399887910-1643399929184-1.jpg,3059859,Fragment,CHNDM,,Peru,Textiles,1500s,CC0,https://collection.cooperhewitt.org/view/objects/asitem/id/120321
ld1-1643399887910-1643399929184-0,si_ld1-1643399887910-1643399929184-0.jpg,4601206,Fragment,CHNDM,,Peru,Textiles,1500s,CC0,https://collection.cooperhewitt.org/view/objects/asitem/id/120320
ld1-1643399887910-1643399915813-2,si_ld1-1643399887910-1643399915813-2.jpg,6485946,Fragment,CHNDM,,Peru,Textiles,1000s,CC0,https://collection.cooperhewitt.org/view/objects/asitem/id/78411
ld1-1643399887910-1643399942023-0,si_ld1-1643399887910-1643399942023-0.jpg,1740188,Textile,CHNDM,,Ica | Peru,Textiles,1200s | 1300s,CC0,https://collection.cooperhewitt.org/view/objects/asitem/id/146369
ld1-1643399887910-1643399942022-0,si_ld1-1643399887910-1643399942022-0.jpg,1296704,Textile,CHNDM,,Ica | Peru,Textiles,1200s | 1300s,CC0,https://collection.cooperhewitt.org/view/objects/asitem/id/146367
ld1-1643399887910-1643399931980-0,si_ld1-1643399887910-1643399931980-0.jpg,2923763,Textile,CHNDM,,Peru,Textiles,1400s | 1550s,CC0,https://collection.cooperhewitt.org/view/objects/asitem/id/126294
ld1-1643399887910-1643399935580-0,si_ld1-1643399887910-1643399935580-0.jpg,1923231,Bag,CHNDM,,Peru,Bags (containers) | Textiles,1500s | 1200s,CC0,https://collection.cooperhewitt.org/view/objects/asitem/id/132575
ld1-1643399887910-1643399915714-1,si_ld1-1643399887910-1643399915714-1.jpg,1388335,Band fragment,CHNDM,,Peru,Band fragment | Textiles,1100s,CC0,https://collection.cooperhewitt.org/view/objects/asitem/id/78172
ld1-1643399887910-1643399918313-2,si_ld1-1643399887910-1643399918313-2.jpg,3483648,Carrying cloth,CHNDM,,Peru,Carrying cloth | Textiles,1000s,CC0,https://collection.cooperhewitt.org/view/objects/asitem/id/95809
ld1-1643399887910-1643399919872-1,si_ld1-1643399887910-1643399919872-1.jpg,2448337,Fragment,CHNDM,,Peru,Textiles,,CC0,https://collection.cooperhewitt.org/view/objects/asitem/id/99780
ld1-1643399887910-1643399921717-0,si_ld1-1643399887910-1643399921717-0.jpg,754728,Band,CHNDM,,Peru,Textiles,1200s | 1000s,CC0,https://collection.cooperhewitt.org/view/objects/asitem/id/103753
ld1-1643399887910-1643399935575-0,si_ld1-1643399887910-1643399935575-0.jpg,1838201,Band,CHNDM,,Peru,Textiles,1200s,CC0,https://collection.cooperhewitt.org/view/objects/asitem/id/132567
ld1-1643399887910-1643399942727-2,si_ld1-1643399887910-1643399942727-2.jpg,666637,Fragment,CHNDM,,Peru,Textiles,1200s,CC0,https://collection.cooperhewitt.org/view/objects/asitem/id/148192
ld1-1643399887910-1643399935584-0,si_ld1-1643399887910-1643399935584-0.jpg,4273646,Tunic,CHNDM,,Peru,Tunics | Textiles,1200s,CC0,https://collection.cooperhewitt.org/view/objects/asitem/id/132581
ld1-1643399887910-1643399918635-0,si_ld1-1643399887910-1643399918635-0.jpg,204354,Sling,CHNDM,,Peru,Needlework (visual works) | Slings (projectile weapons) | Textiles,,CC0,https://collection.cooperhewitt.org/view/objects/asitem/id/96679
ld1-1643399887910-1643399918806-0,si_ld1-1643399887910-1643399918806-0.jpg,1776257,Fragment,CHNDM,,Peru,Textiles,1100s,CC0,https://collection.cooperhewitt.org/view/objects/asitem/id/97061
ld1-1643399887910-1643399924629-1,si_ld1-1643399887910-1643399924629-1.jpg,1437511,Bag,CHNDM,,Peru,Bags (containers) | Textiles,1400s | 1000s,CC0,https://collection.cooperhewitt.org/view/objects/asitem/id/110088
ld1-1643399887910-1643399935502-0,si_ld1-1643399887910-1643399935502-0.jpg,2257454,Fragment,CHNDM,,Peru,Textiles,1100s | 1200s,CC0,https://collection.cooperhewitt.org/view/objects/asitem/id/132466
ld1-1643399887910-1643399906227-1,si_ld1-1643399887910-1643399906227-1.jpg,78516,Band,CHNDM,,Peru,Textiles,1200s | 1300s,CC0,https://collection.cooperhewitt.org/view/objects/asitem/id/57093
ld1-1643399887910-1643399929183-1,si_ld1-1643399887910-1643399929183-1.jpg,2347424,Fragment,CHNDM,,Peru,Textiles,1500s,CC0,https://collection.cooperhewitt.org/view/objects/asitem/id/120319
ld1-1643399887910-1643399918014-0,si_ld1-1643399887910-1643399918014-0.jpg,230548,Fragment,CHNDM,,Peru,Textiles,1100s | 1400s,CC0,https://collection.cooperhewitt.org/view/objects/asitem/id/95117
ld1-1643399887910-1643399906228-0,si_ld1-1643399887910-1643399906228-0.jpg,4391008,Fragment,CHNDM,,Peru,Textiles,1400s | 1000s,CC0,https://collection.cooperhewitt.org/view/objects/asitem/id/57094
ld1-1643399887910-1643399906229-0,si_ld1-1643399887910-1643399906229-0.jpg,4146767,Fragment,CHNDM,,Peru,Textiles,1400s | 1000s,CC0,https://collection.cooperhewitt.org/view/objects/asitem/id/57096
ld1-1643399887910-1643399915814-0,si_ld1-1643399887910-1643399915814-0.jpg,2115695,Fragment,CHNDM,,Peru,Textiles,1100s | 1400s,CC0,https://collection.cooperhewitt.org/view/objects/asitem/id/78412
ld1-1643399887910-1643399915812-0,si_ld1-1643399887910-1643399915812-0.jpg,3757153,Fragment,CHNDM,,Peru,Textiles,1100s,CC0,https://collection.cooperhewitt.org/view/objects/asitem/id/78407
ld1-1643399887910-1643399930130-1,si_ld1-1643399887910-1643399930130-1.jpg,1413784,Fragment,CHNDM,,Celedin | Peru | Trujillo,Textiles,1700s | 1790s,CC0,https://collection.cooperhewitt.org/view/objects/asitem/id/122642
ld1-1643399887910-1643399924629-0,si_ld1-1643399887910-1643399924629-0.jpg,2810180,Fragment,CHNDM,,Peru,Textiles,1400s | 1000s,CC0,https://collection.cooperhewitt.org/view/objects/asitem/id/110087
ld1-1643399887910-1643399919757-1,si_ld1-1643399887910-1643399919757-1.jpg,1317955,Band,CHNDM,,Peru,Textiles,1000s,CC0,https://collection.cooperhewitt.org/view/objects/asitem/id/99473
ld1-1643399887910-1643399929139-2,si_ld1-1643399887910-1643399929139-2.jpg,1807953,Fragment,CHNDM,,Peru,Textiles,1000s,CC0,https://collection.cooperhewitt.org/view/objects/asitem/id/120190
ld1-1643399887910-1643399906228-1,si_ld1-1643399887910-1643399906228-1.jpg,6007555,Fragment,CHNDM,,Peru,Textiles,1400s | 1000s,CC0,https://collection.cooperhewitt.org/view/objects/asitem/id/57095
ld1-1643399887910-1643399919872-0,si_ld1-1643399887910-1643399919872-0.jpg,2720987,Fragment,CHNDM,,Peru,Textiles,,CC0,https://collection.cooperhewitt.org/view/objects/asitem/id/99779
ld1-1643399887910-1643399941696-0,si_ld1-1643399887910-1643399941696-0.jpg,556386,Textile,CHNDM,,Peru,Textiles,1000s,CC0,https://collection.cooperhewitt.org/view/objects/asitem/id/145246
ld1-1643399887910-1643399932526-1,si_ld1-1643399887910-1643399932526-1.jpg,98527,Textile,CHNDM,,Peru,Textiles,1500s | 1400s,CC0,https://collection.cooperhewitt.org/view/objects/asitem/id/127360
ld1-1643399887910-1643399924626-0,si_ld1-1643399887910-1643399924626-0.jpg,4922457,Textile,CHNDM,,Peru,Textiles,1400s | 1200s,CC0,https://collection.cooperhewitt.org/view/objects/asitem/id/110083
ld1-1643399887910-1643399941213-0,si_ld1-1643399887910-1643399941213-0.jpg,4128090,Textile,CHNDM,,Peru,Textiles,1400s | 1000s,CC0,https://collection.cooperhewitt.org/view/objects/asitem/id/143877
ld1-1643399887910-1643399919874-0,si_ld1-1643399887910-1643399919874-0.jpg,1749024,Fragment,CHNDM,,Peru,Textiles,1530s | 1400s,CC0,https://collection.cooperhewitt.org/view/objects/asitem/id/99783
ld1-1643399887910-1643399941695-1,si_ld1-1643399887910-1643399941695-1.jpg,439716,Bands,CHNDM,,Peru,Textiles,1000s,CC0,https://collection.cooperhewitt.org/view/objects/asitem/id/145245
ld1-1643399887910-1643399916348-1,si_ld1-1643399887910-1643399916348-1.jpg,3319461,Fragment,CHNDM,,Peru,Textiles,1400s,CC0,https://collection.cooperhewitt.org/view/objects/asitem/id/79952
ld1-1643399887910-1643399906226-2,si_ld1-1643399887910-1643399906226-2.jpg,2359580,Fragments,CHNDM,,Peru,Textiles,,CC0,https://collection.cooperhewitt.org/view/objects/asitem/id/57091
ld1-1643399887910-1643399923775-0,si_ld1-1643399887910-1643399923775-0.jpg,142339,Fragment,CHNDM,,Peru,Textiles,1530s | 1400s,CC0,https://collection.cooperhewitt.org/view/objects/asitem/id/107844
ld1-1643399887910-1643399924628-0,si_ld1-1643399887910-1643399924628-0.jpg,1870948,Fragment,CHNDM,,Peru,Textiles,1400s | 1000s,CC0,https://collection.cooperhewitt.org/view/objects/asitem/id/110085
ld1-1643399887910-1643399934431-1,si_ld1-1643399887910-1643399934431-1.jpg,2910370,Fragment,CHNDM,,Tiahuanaco | Peru,Textiles,1000s,CC0,https://collection.cooperhewitt.org/view/objects/asitem/id/130856
ld1-1643399887910-1643399919742-0,si_ld1-1643399887910-1643399919742-0.jpg,3178469,Fragment,CHNDM,,Peru,Textiles,1400s | 1000s,CC0,https://collection.cooperhewitt.org/view/objects/asitem/id/99441
ld1-1643399887910-1643399929139-1,si_ld1-1643399887910-1643399929139-1.jpg,1455842,Fragment,CHNDM,,Peru,Textiles,1000s,CC0,https://collection.cooperhewitt.org/view/objects/asitem/id/120189
ld1-1643399887910-1643399975771-0,si_ld1-1643399887910-1643399975771-0.jpg,2389280,Fragment,CHNDM,,Peru | Spain,Textiles,1600s | 1690s,CC0,https://collection.cooperhewitt.org/view/objects/asitem/id/228087
ld1-1643399887910-1643399921715-0,si_ld1-1643399887910-1643399921715-0.jpg,2202920,Turban Band,CHNDM,,Peru,Turban band | Textiles,1100s | 1000s,CC0,https://collection.cooperhewitt.org/view/objects/asitem/id/103750
ld1-1643399887910-1643399917878-0,si_ld1-1643399887910-1643399917878-0.jpg,3465128,Fragment,CHNDM,,south central coast | Peru,Textiles,1590s | 1400s,CC0,https://collection.cooperhewitt.org/view/objects/asitem/id/95034
ld1-1643399887910-1643399918705-1,si_ld1-1643399887910-1643399918705-1.jpg,607921,Band,CHNDM,,Peru,Textiles,1100s,CC0,https://collection.cooperhewitt.org/view/objects/asitem/id/96819
ld1-1643399887910-1643399918704-1,si_ld1-1643399887910-1643399918704-1.jpg,6750442,Mantle,CHNDM,,Peru,Mantles | Textiles,1100s,CC0,https://collection.cooperhewitt.org/view/objects/asitem/id/96817
ld1-1643399887910-1643399918703-1,si_ld1-1643399887910-1643399918703-1.jpg,435067,Fragment,CHNDM,,Peru,Textiles,1100s,CC0,https://collection.cooperhewitt.org/view/objects/asitem/id/96815
ld1-1643399887910-1643399890720-0,si_ld1-1643399887910-1643399890720-0.jpg,2469849,Mantle,CHNDM,,Peru,Mantles | Textiles,1600s | 1790s,CC0,https://collection.cooperhewitt.org/view/objects/asitem/id/12008
ld1-1643399887910-1643399918314-0,si_ld1-1643399887910-1643399918314-0.jpg,1648815,Fragment,CHNDM,,Peru,Textiles,1100s,CC0,https://collection.cooperhewitt.org/view/objects/asitem/id/95813
ld1-1643399887910-1643399895336-0,si_ld1-1643399887910-1643399895336-0.jpg,810549,Fragment,CHNDM,,Peru,Textiles,1100s | 1400s,CC0,https://collection.cooperhewitt.org/view/objects/asitem/id/24683
ld1-1643399887910-1643399890508-0,si_ld1-1643399887910-1643399890508-0.jpg,5028188,Fragment,CHNDM,,Peru,Textiles,1700s | 1500s,CC0,https://collection.cooperhewitt.org/view/objects/asitem/id/11535
ld1-1643399887910-1643399924628-1,si_ld1-1643399887910-1643399924628-1.jpg,4235066,Fragment,CHNDM,,Peru,Textiles,1400s | 1000s,CC0,https://collection.cooperhewitt.org/view/objects/asitem/id/110086
ld1-1643399887910-1643399932529-0,si_ld1-1643399887910-1643399932529-0.jpg,5219130,Fragment,CHNDM,,Peru,Textiles,,CC0,https://collection.cooperhewitt.org/view/objects/asitem/id/127364
ld1-1643399887910-1643399918703-0,si_ld1-1643399887910-1643399918703-0.jpg,225640,Fragment,CHNDM,,Peru,Textiles,1100s,CC0,https://collection.cooperhewitt.org/view/objects/asitem/id/96814
ld1-1643399887910-1643399918971-1,si_ld1-1643399887910-1643399918971-1.jpg,2188048,Fragment,CHNDM,,Peru,Textiles,1400s,CC0,https://collection.cooperhewitt.org/view/objects/asitem/id/97515
ld1-1643399887910-1643399917876-0,si_ld1-1643399887910-1643399917876-0.jpg,50007,Band,CHNDM,,Peru,Textiles,,CC0,https://collection.cooperhewitt.org/view/objects/asitem/id/95033
ld1-1643399887910-1643399918970-2,si_ld1-1643399887910-1643399918970-2.jpg,3087696,Carrying cloth,CHNDM,,Peru,Carrying cloth | Textiles,1400s | 1000s,CC0,https://collection.cooperhewitt.org/view/objects/asitem/id/97513
ld1-1643399887910-1643399935577-1,si_ld1-1643399887910-1643399935577-1.jpg,1019770,Band,CHNDM,,Peru,Textiles,1700s | 1790s,CC0,https://collection.cooperhewitt.org/view/objects/asitem/id/132571
ld1-1643399887910-1643399916348-0,si_ld1-1643399887910-1643399916348-0.jpg,2214653,Fragment,CHNDM,,Peru,Textiles,1400s,CC0,https://collection.cooperhewitt.org/view/objects/asitem/id/79951
ld1-1643399887910-1643399916347-2,si_ld1-1643399887910-1643399916347-2.jpg,2057984,Fragment,CHNDM,,Peru,Textiles,,CC0,https://collection.cooperhewitt.org/view/objects/asitem/id/79950
ld1-1643399887910-1643399895335-0,si_ld1-1643399887910-1643399895335-0.jpg,120445,Border,CHNDM,,Peru,Borders (ornament areas) | Textiles,1100s | 1400s,CC0,https://collection.cooperhewitt.org/view/objects/asitem/id/24679
ld1-1643399887910-1643399932527-0,si_ld1-1643399887910-1643399932527-0.jpg,1807422,Fragment,CHNDM,,Peru,Textiles,1100s | 1400s,CC0,https://collection.cooperhewitt.org/view/objects/asitem/id/127361
ld1-1643399887910-1643399923118-0,si_ld1-1643399887910-1643399923118-0.jpg,3073110,Fragment,CHNDM,,Peru,Textiles,1700s | 1600s,CC0,https://collection.cooperhewitt.org/view/objects/asitem/id/106049
ld1-1643399887910-1643399924631-0,si_ld1-1643399887910-1643399924631-0.jpg,115872,Band,CHNDM,,Peru,Textiles,,CC0,https://collection.cooperhewitt.org/view/objects/asitem/id/110092
ld1-1643399887910-1643399895337-1,si_ld1-1643399887910-1643399895337-1.jpg,190669,Spindle,CHNDM,,Peru,Spindles (textile working equipment) | Appliances | Tools and equipment,1100s | 1400s,CC0,https://collection.cooperhewitt.org/view/objects/asitem/id/24686
ld1-1643399887910-1643399935578-0,si_ld1-1643399887910-1643399935578-0.jpg,953015,Fragment of a bag,CHNDM,,Peru,Fragment of a bag | Textiles,1000s,CC0,https://collection.cooperhewitt.org/view/objects/asitem/id/132572
ld1-1643399887910-1643399935583-0,si_ld1-1643399887910-1643399935583-0.jpg,2087189,Coca bag,CHNDM,,Peru,Coca bag | Textiles,1200s,CC0,https://collection.cooperhewitt.org/view/objects/asitem/id/132580
ld1-1643399887910-1643399935581-1,si_ld1-1643399887910-1643399935581-1.jpg,1640287,Coca bag,CHNDM,,Peru,Coca bag | Textiles,1200s,CC0,https://collection.cooperhewitt.org/view/objects/asitem/id/132577
ld1-1643399887910-1643399918705-0,si_ld1-1643399887910-1643399918705-0.jpg,2208282,Band,CHNDM,,Peru,Textiles,1400s,CC0,https://collection.cooperhewitt.org/view/objects/asitem/id/96818
ld1-1643399887910-1643399935582-1,si_ld1-1643399887910-1643399935582-1.jpg,1244875,Coca bag,CHNDM,,Peru,Coca bag | Textiles,1500s | 1200s,CC0,https://collection.cooperhewitt.org/view/objects/asitem/id/132579
ld1-1643399887910-1643399890465-1,si_ld1-1643399887910-1643399890465-1.jpg,2970440,Fragment,CHNDM,,Peru,Textiles,1700s | 1890s,CC0,https://collection.cooperhewitt.org/view/objects/asitem/id/11444
ld1-1643399887910-1643399935581-0,si_ld1-1643399887910-1643399935581-0.jpg,2761734,Coca bag,CHNDM,,Peru,Coca bag | Textiles,1500s | 1200s,CC0,https://collection.cooperhewitt.org/view/objects/asitem/id/132576
ld1-1643399887910-1643399925669-0,si_ld1-1643399887910-1643399925669-0.jpg,9432932,Poncho,CHNDM,,Peru,Ponchos | Textiles,1700s | 1890s,CC0,https://collection.cooperhewitt.org/view/objects/asitem/id/112606
ld1-1643399887910-1643399929168-0,si_ld1-1643399887910-1643399929168-0.jpg,1652848,Bag face for a chuspa,CHNDM,,Peru,Bag face for a chuspa | Textiles,1900s | 1850s,CC0,https://collection.cooperhewitt.org/view/objects/asitem/id/120272
ld1-1643399887910-1643399915813-0,si_ld1-1643399887910-1643399915813-0.jpg,1352165,Bag,CHNDM,,Peru,Needlework (visual works) | Bags (containers) | Textiles,1100s | 1400s,CC0,https://collection.cooperhewitt.org/view/objects/asitem/id/78409
ld1-1643399887910-1643399895336-1,si_ld1-1643399887910-1643399895336-1.jpg,155287,Spindle,CHNDM,,Peru,Spindles (textile working equipment) | Appliances | Tools and equipment,1100s | 1400s,CC0,https://collection.cooperhewitt.org/view/objects/asitem/id/24684
ld1-1643399887910-1643399895337-0,si_ld1-1643399887910-1643399895337-0.jpg,183500,Spindle,CHNDM,,Peru,Spindles (textile working equipment) | Appliances | Tools and equipment,1100s | 1400s,CC0,https://collection.cooperhewitt.org/view/objects/asitem/id/24685
ld1-1643399887910-1643399942726-0,si_ld1-1643399887910-1643399942726-0.jpg,5616250,Coca bag,CHNDM,,Peru,Coca bag | Textiles,1700s | 1790s,CC0,https://collection.cooperhewitt.org/view/objects/asitem/id/148188
ld1-1643399887910-1643399935582-0,si_ld1-1643399887910-1643399935582-0.jpg,1995051,Coca bag,CHNDM,,Peru,Coca bag | Textiles,1200s,CC0,https://collection.cooperhewitt.org/view/objects/asitem/id/132578
ld1-1643399887910-1643399935576-0,si_ld1-1643399887910-1643399935576-0.jpg,960611,Band,CHNDM,,Peru,Textiles,1200s | 1300s,CC0,https://collection.cooperhewitt.org/view/objects/asitem/id/132568
ld1-1643399887910-1643399932528-0,si_ld1-1643399887910-1643399932528-0.jpg,495746,Fragment,CHNDM,,Peru,Textiles,1300s | 1000s,CC0,https://collection.cooperhewitt.org/view/objects/asitem/id/127362
ld1-1643399887910-1643399890824-1,si_ld1-1643399887910-1643399890824-1.jpg,3437835,Panel,CHNDM,,Peru,Textiles,1400s,CC0,https://collection.cooperhewitt.org/view/objects/asitem/id/12247
ld1-1643399887910-1643399921714-0,si_ld1-1643399887910-1643399921714-0.jpg,2871007,Band,CHNDM,,Peru,Textiles,1200s | 1000s,CC0,https://collection.cooperhewitt.org/view/objects/asitem/id/103749
ld1-1643399887910-1643399921716-0,si_ld1-1643399887910-1643399921716-0.jpg,2016970,Band,CHNDM,,Peru,Textiles,1100s | 1000s,CC0,https://collection.cooperhewitt.org/view/objects/asitem/id/103751
ld1-1643399887910-1643399932528-1,si_ld1-1643399887910-1643399932528-1.jpg,1299309,Fragment,CHNDM,,Peru,Textiles,1500s | 1400s,CC0,https://collection.cooperhewitt.org/view/objects/asitem/id/127363
ld1-1643399887910-1643399942756-2,si_ld1-1643399887910-1643399942756-2.jpg,3266858,Fragment,CHNDM,,Peru,Embroidery (visual works),,CC0,https://collection.cooperhewitt.org/view/objects/asitem/id/148265
ld1-1643399887910-1643399924630-0,si_ld1-1643399887910-1643399924630-0.jpg,1832125,Fragment,CHNDM,,Peru,Embroidery (visual works),1400s | 1200s,CC0,https://collection.cooperhewitt.org/view/objects/asitem/id/110089
ld1-1643399887910-1643399935579-0,si_ld1-1643399887910-1643399935579-0.jpg,599098,Border,CHNDM,,Peru,Needlework (visual works) | Borders (ornament areas) | Textiles,,CC0,https://collection.cooperhewitt.org/view/objects/asitem/id/132573
ld1-1643399887910-1643399941694-1,si_ld1-1643399887910-1643399941694-1.jpg,978983,Cap,CHNDM,,Tiahuanaco | Peru,Caps (headgear) | Textiles,1100s,CC0,https://collection.cooperhewitt.org/view/objects/asitem/id/145243
ld1-1643399887910-1643399942771-0,si_ld1-1643399887910-1643399942771-0.jpg,1685934,Fragment,CHNDM,,Peru,Embroidery (visual works),1200s,CC0,https://collection.cooperhewitt.org/view/objects/asitem/id/148298
ld1-1643399887910-1643399895338-0,si_ld1-1643399887910-1643399895338-0.jpg,904518,Bobbins,CHNDM,,Peru,Appliances | Bobbins | Tools and equipment,1100s | 1400s,CC0,https://collection.cooperhewitt.org/view/objects/asitem/id/24687
ld1-1643399887910-1643399930303-1,si_ld1-1643399887910-1643399930303-1.jpg,672624,Fragment,CHNDM,,Peru,Appliances | Tools and equipment,1530s,CC0,https://collection.cooperhewitt.org/view/objects/asitem/id/123008
ld1-1643399887910-1643399912583-0,si_ld1-1643399887910-1643399912583-0.jpg,1957544,Band,CHNDM,,Peru,Embroidery (visual works),,CC0,https://collection.cooperhewitt.org/view/objects/asitem/id/70952
ld1-1643399887910-1643399915811-1,si_ld1-1643399887910-1643399915811-1.jpg,207760,Fragment,CHNDM,,Peru,Embroidery (visual works),,CC0,https://collection.cooperhewitt.org/view/objects/asitem/id/78406
ld1-1643399887910-1643399942727-0,si_ld1-1643399887910-1643399942727-0.jpg,514244,Fragment,CHNDM,,Peru,Embroidery (visual works),,CC0,https://collection.cooperhewitt.org/view/objects/asitem/id/148190
ld1-1643399887910-1643399942633-0,si_ld1-1643399887910-1643399942633-0.jpg,2094139,Fragment,CHNDM,,Peru,Embroidery (visual works),,CC0,https://collection.cooperhewitt.org/view/objects/asitem/id/147966
ld1-1643399887910-1643399942586-0,si_ld1-1643399887910-1643399942586-0.jpg,2285537,Fragment,CHNDM,,Peru,Embroidery (visual works),,CC0,https://collection.cooperhewitt.org/view/objects/asitem/id/147855
ld1-1643399887910-1643399921716-1,si_ld1-1643399887910-1643399921716-1.jpg,344097,Tassel,CHNDM,,Peru,Trimmings | Tassel,1200s | 1000s,CC0,https://collection.cooperhewitt.org/view/objects/asitem/id/103752
ld1-1643399887910-1643399942528-0,si_ld1-1643399887910-1643399942528-0.jpg,3598192,Fragment,CHNDM,,Peru,Embroidery (visual works),,CC0,https://collection.cooperhewitt.org/view/objects/asitem/id/147742
ld1-1643399887910-1643399942761-1,si_ld1-1643399887910-1643399942761-1.jpg,4153313,Fragment,CHNDM,,Peru,Embroidery (visual works),,CC0,https://collection.cooperhewitt.org/view/objects/asitem/id/148276
ld1-1643399887910-1643399915811-0,si_ld1-1643399887910-1643399915811-0.jpg,2665116,Fragment,CHNDM,,Peru,Embroidery (visual works),,CC0,https://collection.cooperhewitt.org/view/objects/asitem/id/78405
ld1-1643399887910-1643399942679-1,si_ld1-1643399887910-1643399942679-1.jpg,2651413,Fragment,CHNDM,,Peru,Embroidery (visual works),,CC0,https://collection.cooperhewitt.org/view/objects/asitem/id/148078
ld1-1643399887910-1643399916347-1,si_ld1-1643399887910-1643399916347-1.jpg,2081764,Fragment,CHNDM,,Peru,Embroidery (visual works),,CC0,https://collection.cooperhewitt.org/view/objects/asitem/id/79949
ld1-1643399887910-1643399906209-0,si_ld1-1643399887910-1643399906209-0.jpg,1549008,Fragment,CHNDM,,Peru,Embroidery (visual works),,CC0,https://collection.cooperhewitt.org/view/objects/asitem/id/57043
ld1-1643399887910-1643399942022-1,si_ld1-1643399887910-1643399942022-1.jpg,1726330,Fragment,CHNDM,,Ica | Peru,Embroidery (visual works),1200s | 1300s,CC0,https://collection.cooperhewitt.org/view/objects/asitem/id/146368
ld1-1643399887910-1643399921910-0,si_ld1-1643399887910-1643399921910-0.jpg,2043082,Mantle fragment,CHNDM,,Peru,Mantle fragment | Textiles,,CC0,https://collection.cooperhewitt.org/view/objects/asitem/id/104015
ld1-1643399887910-1643399890719-1,si_ld1-1643399887910-1643399890719-1.jpg,6114242,Mantle,CHNDM,,Peru,Costume accessories | Costume | Mantles,1700s | 1500s,CC0,https://collection.cooperhewitt.org/view/objects/asitem/id/12007
ld1-1643399887910-1643399924627-0,si_ld1-1643399887910-1643399924627-0.jpg,2361919,Basket and contents,CHNDM,,Peru,Basket and contents | Appliances | Tools and equipment,1400s | 1000s,CC0,https://collection.cooperhewitt.org/view/objects/asitem/id/110084
