id,file,derivative,bytes,title,culture,type,creation_date,license,url
152258,cma_152258.jpg,print,5454747,Two Textile Fragment with Fanged Heads,"Peru, South Coast, Ica Valley, Chavín style",Textile,500–200 BCE,CC0,https://clevelandart.org/art/1985.139
164421,cma_164421.jpg,print,3185987,Loincloth,"Peru, North Coast, Chimú style, 1200–1460s",Garment,"1425–1500 (radiocarbon date, 92.3% probability)",CC0,https://clevelandart.org/art/2005.5.2
124739,cma_124739.jpg,print,5942820,Mantle,"Peru, South Coast, Paracas (Cavernas) style",Textile,c. 300 BCE–200 CE,CC0,https://clevelandart.org/art/1946.226
164423,cma_164423.jpg,print,1070592,Padded Hat,"Peru, North Coast, Chimú style, 1200-1460s",Garment,"1460–1625 (radiocarbon date, 95.4% probability)",CC0,https://clevelandart.org/art/2005.5.4
119690,cma_119690.jpg,print,7046449,Fragment of Embroidered Cloth,"Peru, South Coast, Paracas, Late Period",Textile,c. 300–100 BCE,CC0,https://clevelandart.org/art/1940.528
124740,cma_124740.jpg,print,2640074,Tunic,"Peru, South Coast, Paracas (Cavernas) style",Textile,c. 300 BCE–200 CE,CC0,https://clevelandart.org/art/1946.227
164424,cma_164424.jpg,print,1401392,Band with Tassels,"Peru, North Coast, Chimú style, 1200-1460s",Garment,"1455–1625 (radiocarbon date, 95% probability)",CC0,https://clevelandart.org/art/2005.5.5
164420,cma_164420.jpg,print,2589732,Mantle or Hanging,"Peru, North Coast, Chimú style, 1200-1460s",Textile,"1480–1635 (radiocarbon date, 95.4% probability)",CC0,https://clevelandart.org/art/2005.5.1
124741,cma_124741.jpg,print,1919036,Turban Band (Llauto),"Peru, South Coast, Paracas, Late Period",Textile,c. 300–100 BCE,CC0,https://clevelandart.org/art/1946.228
165270,cma_165270.jpg,print,4921455,Textile Fragment,"Peru, Moche, north coast",Textile,c. 50–650 CE,CC0,https://clevelandart.org/art/2007.2.4
165272,cma_165272.jpg,print,4672026,Textile Fragment,"Peru, Moche, north coast",Textile,c. 50–650 CE,CC0,https://clevelandart.org/art/2007.2.6
165271,cma_165271.jpg,print,4837411,Textile Fragment,"Peru, Moche, north coast",Textile,c. 50–650 CE,CC0,https://clevelandart.org/art/2007.2.5
130762,cma_130762.jpg,print,756121,Band with Trophy Heads,"Peru, South Coast, Nasca",Textile,100 BCE–700 CE,CC0,https://clevelandart.org/art/1953.475
164422,cma_164422.jpg,print,1508898,Turban,"Peru, North Coast, Chimú style",Garment,"1485–1640 (radiocarbon date, 95.4% probability)",CC0,https://clevelandart.org/art/2005.5.3
165269,cma_165269.jpg,print,5425392,Textile Fragment,"Peru, Moche, north coast",Textile,c. 50–650 CE,CC0,https://clevelandart.org/art/2007.2.3
165267,cma_165267.jpg,print,4339250,Textile Fragment,"Peru, Moche, north coast",Textile,c. 50–650 CE,CC0,https://clevelandart.org/art/2007.2.1
165268,cma_165268.jpg,print,4595739,Textile Fragment,"Peru, Moche, north coast",Textile,c. 50–650 CE,CC0,https://clevelandart.org/art/2007.2.2
165266,cma_165266.jpg,print,4339248,Textile Fragments ,"Peru, Moche, north coast",Textile,c. 50–650 CE,CC0,https://clevelandart.org/art/2007.2
119676,cma_119676.jpg,print,2739039,Mantle,"Peru, South Coast, Paracas",Textile,c. 600–400 BCE,CC0,https://clevelandart.org/art/1940.515
119677,cma_119677.jpg,print,2866042,"Mummy Bundle ""Mask""","Peru, South Coast, Ica Valley, Ocucaje site, Paracas style",Textile,200–1 BCE,CC0,https://clevelandart.org/art/1940.516
119678,cma_119678.jpg,print,3859418,"Mummy Bundle ""Mask""","Peru, South Coast, Ica Valley, Ocucaje site, Paracas style",Textile,200 BCE–1 CE,CC0,https://clevelandart.org/art/1940.517
119675,cma_119675.jpg,print,2021024,Tunic,"Peru, South Coast, Ica Valley, Ocucaje site?, Paracas people",Textile,400–200 BCE,CC0,https://clevelandart.org/art/1940.514
119682,cma_119682.jpg,print,2760146,"Mummy Bundle ""Mask""","Peru, South Coast, Ica Valley, Ocucaje site, Paracas style",Textile,200–1 BCE,CC0,https://clevelandart.org/art/1940.520
169189,cma_169189.jpg,print,1272346,Tunic,"Peru, Chimú or Chimú-Inka, 12th-16th century",Textile,1100–1532,CC0,https://clevelandart.org/art/2011.111.1
164419,cma_164419.jpg,print,2590065,"Peruvian Textiles: Mantle or Hanging, Loincloth, Turban, Padded Hat, Band with Tassels","Peru, North Coast, Chimú style, 1200-1460s",Textile,1405–1640,CC0,https://clevelandart.org/art/2005.5
169188,cma_169188.jpg,print,1951184,Tunic and Band,"Peru, Chimú or Chimú-Inka, 12th-16th century",Textile,1100–1532,CC0,https://clevelandart.org/art/2011.111
119691,cma_119691.jpg,print,2298449,Headcloth,"Peru, South Coast, Paracas, Middle Period, c. 600-400 BC (Early Horizon, Epoch 10)",Textile,c. 600–400 BCE,CC0,https://clevelandart.org/art/1940.529
134604,cma_134604.jpg,print,9825410,Tunic,"Peru, Inca, 15th-16th century",Textile,c. 1400–1540,CC0,https://clevelandart.org/art/1957.136
163708,cma_163708.jpg,print,4673977,Tunic with Profile Animals and Checkerboards,"Peru, South Coast, Paracas or Nasca?",Textile,"410–540 CE (radiocarbon date, 93% probability)",CC0,https://clevelandart.org/art/2005.16
162398,cma_162398.jpg,print,4095940,Feathered Panel,"Peru, Far South Coast, Pampa Ocoña, 7th-10th century",Textile,600–900,CC0,https://clevelandart.org/art/2002.93
119688,cma_119688.jpg,print,6997620,"Mummy Bundle ""Mask""","Peru, South Coast, Ica Valley, Ocucaje site, Paracas style (700 BCE–1 CE)",Textile,200–1 BCE,CC0,https://clevelandart.org/art/1940.526
119680,cma_119680.jpg,print,6063000,"Mummy Bundle ""Mask""","Peru, South Coast, Ica Valley, Ocucaje site, Paracas style (700 BCE–1 CE)",Textile,200–1 BCE,CC0,https://clevelandart.org/art/1940.519
126684,cma_126684.jpg,print,12752761,Tunic with Profile Animal and Human Heads,"Peru, South Coast, Wari Culture, Middle Horizon, 8th-12th Century",Textile,c. 700–1100,CC0,https://clevelandart.org/art/1949.12
119684,cma_119684.jpg,print,5624529,"Mummy Bundle ""Mask""","Peru, South Coast, Ica Valley, Ocucaje site, Paracas style (700 BCE–1 CE)",Textile,"170 BCE–70 CE (radiocarbon date, 95% probability)",CC0,https://clevelandart.org/art/1940.522
119687,cma_119687.jpg,print,7137671,"Mummy Bundle ""Mask""","Peru, South Coast, Ica Valley, Ocucaje site, Paracas style (700 BCE–1 CE)",Textile,200–1 BCE,CC0,https://clevelandart.org/art/1940.525
119679,cma_119679.jpg,print,6553209,"Mummy Bundle ""Mask""","Peru, South Coast, Ica Valley, Ocucaje site, Paracas style (700 BCE–1 CE)",Textile,200 BCE–1 CE,CC0,https://clevelandart.org/art/1940.518
155934,cma_155934.jpg,print,2577051,Tapestry Fragment,"Peru, North Coast, Lambayeque (Sicán) people",Tapestry,700–1370s,CC0,https://clevelandart.org/art/1991.223
163640,cma_163640.jpg,print,1386377,"Textile Fragment with Frontal Deity Heads, Felines, and Interlace Pattern","Peru, South Coast, Paracas, Yauca Valley(?)",Textile,700–400 BCE,CC0,https://clevelandart.org/art/2005.14
119652,cma_119652.jpg,print,3327132,Painted Wrapping for Mummy,"Peru, Central Coast, Chancay, 12th-15th century",Textile,c.1100–1400 A.D.,CC0,https://clevelandart.org/art/1940.494
119686,cma_119686.jpg,print,3760719,"Mummy Bundle ""Mask""","Peru, South Coast, Ica Valley, Ocucaje site, Paracas style (700 BCE–1 CE)",Textile,400–200 BCE,CC0,https://clevelandart.org/art/1940.524
119683,cma_119683.jpg,print,3283266,"Mummy Bundle ""Mask""","Peru, South Coast, Ica Valley, Ocucaje site, Paracas style (700 BCE–1 CE)",Textile,400–200 BCE,CC0,https://clevelandart.org/art/1940.521
126273,cma_126273.jpg,print,2960402,Border Fragment with Birds and Flowers,"Peru, South Coast, Nasca",Embroidery,100 BCE–700 CE,CC0,https://clevelandart.org/art/1948.482
130555,cma_130555.jpg,print,6663469,Large Cloth,"Peru, North Coast, Chimu-Inka",Textile,"1460–1632 (radiocarbon date, 95% probability)",CC0,https://clevelandart.org/art/1953.288
126272,cma_126272.jpg,print,2918960,Border Fragment with Birds and Flowers,"Peru, South Coast, Nasca",Embroidery,100 BCE–700 CE,CC0,https://clevelandart.org/art/1948.481
156237,cma_156237.jpg,print,4828142,Tapestry Panel,"Peru, Central Coast, Chancay-Chimú style, 11th-15th century",Tapestry,1000–1460s,CC0,https://clevelandart.org/art/1992.103
152334,cma_152334.jpg,print,1923858,Mantle Border Fragment with Oculate Being,"Peru, South Coast, Paracas (Cavernas) style (700 BCE–1 CE)",Embroidery,200 BCE–200 CE,CC0,https://clevelandart.org/art/1985.193
126269,cma_126269.jpg,print,3043297,Border Fragment with Birds and Flowers,"Peru, South Coast, Nasca",Embroidery,100 BCE–700 CE,CC0,https://clevelandart.org/art/1948.479
124412,cma_124412.jpg,print,5652604,Four-Cornered Hat,"Peru, South Coast, Wari Culture, Middle Horizon, 8th-11th Century",Textile,c. 700–1100 A.D.,CC0,https://clevelandart.org/art/1945.378
119689,cma_119689.jpg,print,2797613,"Mummy Bundle ""Mask""","Peru, South Coast, Ica Valley, Ocucaje site, Paracas style (700 BCE–1 CE)",Textile,400–200 BCE,CC0,https://clevelandart.org/art/1940.527
119685,cma_119685.jpg,print,3048517,"Mummy Bundle ""Mask""","Peru, South Coast, Ica Valley, Ocucaje site, Paracas style (700 BCE–1 CE)",Textile,400–200 BCE,CC0,https://clevelandart.org/art/1940.523
163622,cma_163622.jpg,print,1510195,Textile Fragment with Three Frontal Deities and Interlace Pattern,"Peru, South Coast, Paracas (700 BC -AD 1), Yauca Valley?",Textile,700–400 BCE,CC0,https://clevelandart.org/art/2005.13
119656,cma_119656.jpg,print,8979370,Dress,"Peru, South Highlands or South Coast, Chuquibamba style, 12th-16th century",Textile,c. 1100–1532,CC0,https://clevelandart.org/art/1940.498
134948,cma_134948.jpg,print,11163153,Tapestry Square Panel,"Peru, South Coast, Wari Culture, Middle Horizon, 8th-12th Century",Tapestry,c. 700–1100,CC0,https://clevelandart.org/art/1957.495
294068,cma_294068.jpg,print,5988872,Head Cloth,"Central Andes, central coast, Chancay people",Textile,1000–1460s,CC0,https://clevelandart.org/art/2017.60
157111,cma_157111.jpg,print,3121868,Triple Cloth,"Peru, Recuay",Textile,400 BCE–700 CE,CC0,https://clevelandart.org/art/1993.242
119655,cma_119655.jpg,print,5150362,Fragmentary Mantle,"Peru, South Coast, Ica Valley ?, Inca Culture, 15th-16th century",Textile,c. 1400–1532,CC0,https://clevelandart.org/art/1940.497
157112,cma_157112.jpg,print,3095171,Double Cloth,"Peru, Recuay",Textile,400 BCE–700 CE,CC0,https://clevelandart.org/art/1993.243
126271,cma_126271.jpg,print,2916048,Border Fragment with Birds and Flowers,"Peru, South Coast, Nasca",Embroidery,100 BCE–700 CE,CC0,https://clevelandart.org/art/1948.480
137312,cma_137312.jpg,print,7135957,Embroidered Fragment,"Peru, South Coast, Paracas",Embroidery,c. 650–100 BCE,CC0,https://clevelandart.org/art/1962.240
165273,cma_165273.jpg,print,3316334,Loose Textile Fragments,"Peru, Moche, north coast",Textile,c. 50–650 CE,CC0,https://clevelandart.org/art/2007.2.7
134395,cma_134395.jpg,print,10645263,Tunic,"Peru, South Coast, Wari Culture, Middle Horizon, 8th-12th Century",Textile,c. 700–1100,CC0,https://clevelandart.org/art/1956.84
119694,cma_119694.jpg,print,1814188,Mummy Bundle Turban,"Peru, South Coast, Paracas, 200 BC - AD 200, modern assembly",Textile,c. 650–100 BCE,CC0,https://clevelandart.org/art/1940.531
114131,cma_114131.jpg,print,2400517,Fish-Shaped Applique,"Central Andes, Central Coast, Ychsma (Pachacamac) people",Textile,1400–1532,CC0,https://clevelandart.org/art/1933.392
165184,cma_165184.jpg,print,10256644,Tunic with Sacrificer,"South America, Peru, Central Andes, Middle Horizon, Wari people, 7th-11th century",Textile,600–1000,CC0,https://clevelandart.org/art/2007.179
126268,cma_126268.jpg,print,7167270,Border Fragment,"Peru, South Coast, Nasca",Embroidery,100 BCE–700 CE,CC0,https://clevelandart.org/art/1948.478
134765,cma_134765.jpg,print,5948840,Fragment,"Peru, South Coast, Nasca-Huari style",Textile,c. 600–700,CC0,https://clevelandart.org/art/1957.340
163724,cma_163724.jpg,print,6106259,Tunic with Double-headed Serpents,"Peru, South Coast, Ica Valley, Ocucaje site?, Paracas people (700 BCE-1 CE)",Textile,400–200 BCE,CC0,https://clevelandart.org/art/2005.17
159839,cma_159839.jpg,print,1026172,Four-Cornered Hat,"Peru, South Andes or Chile, Northern Andes, Tiwanaku style, 5th-10th Century",Textile,c. 400–1000,CC0,https://clevelandart.org/art/1997.150
108034,cma_108034.jpg,print,7501319,Fragment of a Double Cloth,"Peru, Central Coast, Chancay, 12th-15th century",Textile,c. 1100–1400,CC0,https://clevelandart.org/art/1925.661
124413,cma_124413.jpg,print,11412411,Mantle Corner Fragment,"Peru, South Coast, Wari Culture, Middle Horizon, 8th-11th Century",Textile,700–1100 A.D.,CC0,https://clevelandart.org/art/1945.379
126796,cma_126796.jpg,print,2205398,Four-Cornered Hat,"Peru, South Coast, Wari Culture, Middle Horizon, 8th-12th Century",Textile,c. 700–1100,CC0,https://clevelandart.org/art/1949.193
159633,cma_159633.jpg,print,381501,Fragment of a Belt,"Peru, South Andes, Tiwanaku style",Textile,c. 400,CC0,https://clevelandart.org/art/1996.348.a
125095,cma_125095.jpg,print,11419856,Mantle Corner Fragment,"Peru, South Coast, Wari Culture, Middle Horizon, 8th-12th Century",Textile,c. 700–1100,CC0,https://clevelandart.org/art/1946.75
125339,cma_125339.jpg,print,5699330,Four-Cornered Hat,"Peru, South Coast, Wari Culture, Tiwanaku Style, Middle Horizon, 8th-12th Century",Textile,c. 700–1100 A.D.,CC0,https://clevelandart.org/art/1947.291
108044,cma_108044.jpg,print,6867563,Textile Bag,"Peru, Central Coast, Chancay, Pachacamac, 12th-15th century",Textile,c. 1100–1400,CC0,https://clevelandart.org/art/1925.669
102924,cma_102924.jpg,print,3724961,Fragment of a Border,"Peru, South Coast, Paracas, Late Period",Textile,300–100 BCE,CC0,https://clevelandart.org/art/1921.1550
108038,cma_108038.jpg,print,2650093,Large Cloth,"Peru, North Coast, Chimú Culture, 12th-15th century",Textile,c. 1100–1400,CC0,https://clevelandart.org/art/1925.665
302272,cma_302272.jpg,print,1172744,Sleeved Tunic,"Central Andes, central coast, Chancay people",Textile,1460s–1532,CC0,https://clevelandart.org/art/2017.193
108026,cma_108026.jpg,print,7989564,Fragment,"Peru, Central Coast, Chancay, 12th-15th century",Textile,c. 1100–1400,CC0,https://clevelandart.org/art/1925.654
163781,cma_163781.jpg,print,6832139,Fragment of a Mantle with Oculate Being,"Peru, South Coast, Paracas, Carhua?",Textile,200–1 BCE,CC0,https://clevelandart.org/art/2005.19
159632,cma_159632.jpg,print,650699,Fragments of a Belt,"Peru, South Andes, Tiwanaku style",Textile,c. 400,CC0,https://clevelandart.org/art/1996.348
159634,cma_159634.jpg,print,531885,Fragment of a Belt,"Peru, South Andes, Tiwanaku style",Textile,c. 400,CC0,https://clevelandart.org/art/1996.348.b
152819,cma_152819.jpg,print,4562443,Two Tapestry-woven Panel Fragments,"Central Andes, North Coast, Chimú people",Tapestry,1000–1460s,CC0,https://clevelandart.org/art/1985.7
114132,cma_114132.jpg,print,4698459,Tie-Dyed Fragment,"Peru, South Coast, Wari Culture, Middle Horizon, 8th-12th Century",Textile,c. 700–1100 A.D.,CC0,https://clevelandart.org/art/1933.393
155505,cma_155505.jpg,print,4219148,Textile Fragment,"Peru, North Coast, 9th-12th Century",Textile,800–1100,CC0,https://clevelandart.org/art/1990.225
104242,cma_104242.jpg,print,1590105,Four Border Strips,"Peru, Central Coast, Chancay, 12th-15th century",Textile,c. 1100–1400,CC0,https://clevelandart.org/art/1922.395.a
104250,cma_104250.jpg,print,4064459,Three Border Fragments,"Peru, Central Coast, Chancay, 12th-15th century",Textile,c. 1100–1400,CC0,https://clevelandart.org/art/1922.397
156520,cma_156520.jpg,print,2698042,Textile,"Peru, Central Coast, Chancay, 12th-15th century",Textile,c. 1100–1400,CC0,https://clevelandart.org/art/1992.231.2
104240,cma_104240.jpg,print,2341726,Border Strip,"Peru, Central Coast, Chancay, 12th-15th century",Textile,c. 1100–1400,CC0,https://clevelandart.org/art/1922.394
104253,cma_104253.jpg,print,1890202,Three Border Fragments,"Peru, Central Coast, Chancay, 12th-15th century",Textile,c. 1100–1400,CC0,https://clevelandart.org/art/1922.397.c
149062,cma_149062.jpg,print,7584566,Fragment,"Peru, Central Coast, Chancay, 12th-15th century",Textile,c. 1100–1400,CC0,https://clevelandart.org/art/1977.190
104244,cma_104244.jpg,print,1643469,Four Border Strips,"Peru, Central Coast, Chancay, 12th-15th century",Textile,c. 1100–1400,CC0,https://clevelandart.org/art/1922.395.c
104246,cma_104246.jpg,print,4810995,Three Fragments of a Border,"Peru, Central Coast, Chancay, 12th-15th century",Textile,c. 1100–1400,CC0,https://clevelandart.org/art/1922.396
104243,cma_104243.jpg,print,1649529,Four Border Strips,"Peru, Central Coast, Chancay, 12th-15th century",Textile,c. 1100–1400,CC0,https://clevelandart.org/art/1922.395.b
163676,cma_163676.jpg,print,4409811,Textile Fragment with Interlace Pattern,"Peru, South Coast, Paracas, Yauca Valley(?)",Textile,700–400 BCE,CC0,https://clevelandart.org/art/2005.15
104241,cma_104241.jpg,print,4152614,Four Border Strips,"Peru, Central Coast, Chancay, 12th-15th century",Textile,c. 1100–1400,CC0,https://clevelandart.org/art/1922.395
104245,cma_104245.jpg,print,1513577,Four Border Strips,"Peru, Central Coast, Chancay, 12th-15th century",Textile,c. 1100–1400,CC0,https://clevelandart.org/art/1922.395.d
104251,cma_104251.jpg,print,1446270,Three Border Fragments,"Peru, Central Coast, Chancay, 12th-15th century",Textile,c. 1100–1400,CC0,https://clevelandart.org/art/1922.397.a
156519,cma_156519.jpg,print,2050421,Textile,"Peru, Central Coast, Chancay, 12th-15th century",Textile,c. 1100–1400,CC0,https://clevelandart.org/art/1992.231.1
108033,cma_108033.jpg,print,8039035,Unfinished Cloth,"Peru, Central Coast, Chancay, Pachacamac, 12th-15th century",Textile,c. 1100–1400,CC0,https://clevelandart.org/art/1925.660
104234,cma_104234.jpg,print,7700953,Fragment Composed of Two Fabrics Joined,"Peru, Central Coast, Chancay, 12th-15th century",Textile,c. 1100–1400,CC0,https://clevelandart.org/art/1922.389
104236,cma_104236.jpg,print,6834704,Fragment formed of Four Separate Fabrics Joined,"Peru, Central Coast, Chancay, 12th-15th century",Textile,c. 1100–1400,CC0,https://clevelandart.org/art/1922.390
104249,cma_104249.jpg,print,1834695,Three Fragments of a Border,"Peru, Central Coast, Chancay, 12th-15th century",Textile,c. 1100–1400,CC0,https://clevelandart.org/art/1922.396.c
163758,cma_163758.jpg,print,6199875,Panel from the End of a Sash,"Peru, South Coast, Paracas, Carhua or Chucho?",Textile,700–1 BCE,CC0,https://clevelandart.org/art/2005.18
104247,cma_104247.jpg,print,1945360,Three Fragments of a Border,"Peru, Central Coast, Chancay, 12th-15th century",Textile,c. 1100–1400,CC0,https://clevelandart.org/art/1922.396.a
169190,cma_169190.jpg,print,1447136,Band,"Peru, Chimú or Chimú-Inka, 12th-16th century",Textile,1100–1532,CC0,https://clevelandart.org/art/2011.111.2
104252,cma_104252.jpg,print,1787596,Three Border Fragments,"Peru, Central Coast, Chancay, 12th-15th century",Textile,c. 1100–1400,CC0,https://clevelandart.org/art/1922.397.b
104238,cma_104238.jpg,print,4967118,Fragment,"Peru, North Coast, Chimú Culture, 12th-15th century",Textile,c. 1100–1400,CC0,https://clevelandart.org/art/1922.392
126795,cma_126795.jpg,print,2053151,Four-Cornered Hat,"Peru, South Coast, Ica Valley, Inca Culture, 15th-16th century",Textile,c. 1400–1532,CC0,https://clevelandart.org/art/1949.192
166766,cma_166766.jpg,print,7992557,Loincloth with Feather(?) Motifs,"Peru, Central Andes, Chimú or Chimú-Inka, 11th-16th century",Textile,1000–1532,CC0,https://clevelandart.org/art/2008.58
104390,cma_104390.jpg,print,8128866,Fragment from a Mantle,"Peru, North Coast, Chimú Culture, 12th-15th century",Textile,c. 1100–1400,CC0,https://clevelandart.org/art/1922.517
160692,cma_160692.jpg,print,2459137,Trapezoidal Bag,"Peru, South Coast, Arica culture, or Chile, North Coast, 13th-15th century",Textile,1200–1400,CC0,https://clevelandart.org/art/1998.53
160691,cma_160691.jpg,print,2739356,Trapezoidal Bag,"Peru, South Coast, Arica culture, or Chile, North Coast, 13th-15th century",Textile,1200–1400,CC0,https://clevelandart.org/art/1998.52
119693,cma_119693.jpg,print,554456,Cloth with Procession of Figures,"Central Andes, South Coast, Nasca people",Textile,"170 BCE–70 CE (radiocarbon date, 95% probability)",CC0,https://clevelandart.org/art/1940.530
108042,cma_108042.jpg,print,2671622,Tapestry-woven Yoke from a Tunic,"Central Andes, North Central Coast, Moche-Wari Style",Textile,800–1200?,CC0,https://clevelandart.org/art/1925.667
119653,cma_119653.jpg,print,3068318,Feathered Panel,"Andes, 7th-15th century",Textile,600–1500,CC0,https://clevelandart.org/art/1940.495
108043,cma_108043.jpg,print,6134190,Tunic (Shirt) with Tapestry-woven Yoke,"Central Andes, Northern Central Coast",Textile,650–850,CC0,https://clevelandart.org/art/1925.668
171611,cma_171611.jpg,print,785008,Band (Headband?),"Central Andes, Moche-Wari Style, mid-7th to mid-9th century",Textile,c. 650–850,CC0,https://clevelandart.org/art/2014.389
292530,cma_292530.jpg,print,2646873,Tunic with Frontal Figures,"Central Andes, Central Coast, Ychsma (Pachacamac) people",Textile,1400–1532,CC0,https://clevelandart.org/art/2016.267
164429,cma_164429.jpg,print,3426194,Half of a Sleeved Tunic,"Central Andes, Middle Horizon, Wari, 6th-11th century",Textile,c. 500–1000,CC0,https://clevelandart.org/art/2005.53.a
135408,cma_135408.jpg,print,9926479,Feathered Tabard or Tunic,"Andes, 7th-15th century",Textile,600–1500,CC0,https://clevelandart.org/art/1958.412
164428,cma_164428.jpg,print,4721978,Tunic Fragments with Bird-Headed Creature,"Central Andes, Middle Horizon, Wari, 6th-11th century",Textile,600–1000,CC0,https://clevelandart.org/art/2005.53
156248,cma_156248.jpg,print,6801820,Feathered Tabard or Tunic,"Andes, 7th-15th century",Textile,600–1500,CC0,https://clevelandart.org/art/1992.104
164430,cma_164430.jpg,print,3360728,Half of a Sleeved Tunic,"Central Andes, Middle Horizon, Wari, 6th-11th century",Textile,c. 500–1000,CC0,https://clevelandart.org/art/2005.53.b
156260,cma_156260.jpg,print,6056182,Feathered Tabard or Tunic,"Andes, 7th-15th century",Textile,600–1500,CC0,https://clevelandart.org/art/1992.105
119654,cma_119654.jpg,print,3061268,Band,"Peru, Central Coast?, Lima?, Early Horizon?",Textile,c. 600–400 BCE,CC0,https://clevelandart.org/art/1940.496
132125,cma_132125.jpg,print,434055,Lower Border of a Garment,"Central Andes, North Coast, Chimú or Lambayeque (Sican) People",Textile,1000–1470s,CC0,https://clevelandart.org/art/1954.68
125228,cma_125228.jpg,print,7868705,Pouch (Bolsa),"Bolivia, Choclla, early 20th century",Textile,c. 1900,CC0,https://clevelandart.org/art/1947.191
125227,cma_125227.jpg,print,8927016,Pouch (Bolsa),"Bolivia, Haurina, late 19th century",Textile,late 1800s,CC0,https://clevelandart.org/art/1947.190
125225,cma_125225.jpg,print,4186320,Warp Patterned Cloth,"Bolivia, Salinas, late 19th century",Textile,late 1800s,CC0,https://clevelandart.org/art/1947.189
104248,cma_104248.jpg,print,2068721,Three Fragments of a Border,"Peru, Central Coast, Chancay, 12th-15th century",Textile,c. 1100–1400,CC0,https://clevelandart.org/art/1922.396.b
128454,cma_128454.jpg,print,9073402,Half Tunic,"Peru, South Coast, Inca Culture, Colonial Period, 16th century",Textile,16th century,CC0,https://clevelandart.org/art/1951.393
294034,cma_294034.jpg,print,6865898,Textile Fragment with Cotton Goddess,"Andes, south coast, Ica Valley?, Chavín style",Textile,800–500 BCE,CC0,https://clevelandart.org/art/2017.56
